Gender,Age
Female,21
Female,21
Male,23
Male,27
Male,22
Male,29
Female,23
Male,22
Male,24
Male,22
Male,26
Female,21
Male,22
Male,41
Male,23
Female,22
Male,27
Female,29
Female,30
Female,23
Male,22
Female,52
Female,22
Female,22
Male,21
Male,20
Male,21
Female,23
Male,19
Male,23
Male,29
Female,31
Female,24
Male,39
Male,22
Female,21
Female,22
Female,21
Male,23
Female,21
Female,21
Male,23
Female,21
Male,21
Male,21
Female,21
Male,21
Male,21
Female,20
Female,21
Female,21
Female,20
Female,23
Female,23
Female,22
Male,23
Male,22
Male,21
Female,17
Male,20
Female,21
Male,20
Male,22
Male,22
Female,21
Female,21
Male,23
Male,23
Male,30
Male,23
Female,23
Female,22
Female,24
Male,19
Male,24
Female,23
Female,24
Female,24
Female,23
Male,23
Female,19
Male,30
Male,23
Female,19
Male,25
Male,23
Male,21
Male,19
Female,22
Female,29
Female,25
Female,20
Male,55
Female,20
Female,24
Male,26
Female,23
Female,21
Female,21
Male,23
Female,21
Male,22
Female,21
Female,22
Female,38
Female,25
Female,25
Male,22
Male,22
Female,21
Male,21
Female,22
Female,18
Female,22
Female,19
Female,17
Female,15
Female,17
Male,23
Female,19
Female,23
Male,23
Male,21
Male,24
Male,23
Male,18
Male,19
Female,19
Male,20
Male,27
Female,20
Male,23
Female,19
Female,61
Male,30
Male,24
Male,25
Male,44
Male,31
Male,25
Male,23
Male,25
Male,23
Female,34
Male,22
Male,21
Female,24
Female,36
Female,27
Female,32
Male,25
Female,30
Female,38
Male,34
Male,22
Female,31
Female,35
Male,21
Female,40
Male,27
Male,20
Male,55
Female,21
Male,25
Male,35
Male,30
Female,29
Male,20
Female,22
Female,45
Male,22
Male,18
Female,23
Male,18
Male,21
Female,38
Female,18
Male,22
Male,26
Male,21
Female,18
Female,23
Female,22
Female,23
Male,21
Female,31
Male,39
Male,25
Male,35
Female,33
Male,20
Male,26
Male,20
Male,20
Female,23
Male,19
Male,22
Male,41
Female,18
Female,23
Female,23
Female,41
Female,26
Male,29
Male,27
Female,23
Male,19
Male,30
Female,22
Female,22
Male,20
Female,21
Female,24
Male,21
Male,21
Male,21
Female,23
Male,21
Female,21
Female,21
Female,21
Male,23
Female,21
Female,22
Female,23
Male,25
Female,20
Female,24
Female,40
Male,32
Male,20
Female,21
Female,51
Female,34
Female,19
Female,19
Female,21
Female,19
Female,20
Female,19
Female,17
Male,22
Female,20
Male,33
Female,21
Female,20
Female,20
Female,20
Male,21
Male,21
Female,20
Male,20
Male,56
Female,26
Female,22
Male,19
Male,18
Male,19
Male,18
Female,18
Male,21
Female,28
Male,18
Male,23
Male,18
Male,18
Female,39
Male,38
Male,17
Male,23
Male,23
Female,19
Male,18
Male,25
Female,25
Female,18
Male,16
Male,21
Female,32
Male,18
Male,21
Male,18
Female,18
Male,17
Male,20
Male,21
Female,21
Female,18
Female,17
Male,19
Male,16
Male,17
Male,21
Male,19
Male,18
Female,16
Female,21
Male,26
Male,18
Male,23
